dataset,sample_id,our_id,short_reads,long_reads,long_reads_type,reference,species
cfre-test,SAMN02713684,robertson-benchmark_cfre-SAMN02713684,SRR1284629,SRR1284633,NA,Robertson2018,Citrobacter freundii
cfre-test,SAMN04014863,robertson-benchmark_cfre-SAMN04014863,SRR3112272,SRR6278430,NA,Robertson2018,Citrobacter freundii
cfre-test,SAMN15148082,shaw-2021_cfre-SAMN15148082,SRR11948857,SRR12299009,PacBio,Shaw2021,Citrobacter freundii
cfre-test,SAMN15148084,shaw-2021_cfre-SAMN15148084,SRR11948855,SRR12299007,PacBio,Shaw2021,Citrobacter freundii
cfre-test,SAMN15148085,shaw-2021_cfre-SAMN15148085,SRR11948854,SRR12299006,Nanopore,Shaw2021,Citrobacter freundii
cfre-test,SAMN15148130,shaw-2021_cfre-SAMN15148130,SRR11949068,SRR12298581,Nanopore,Shaw2021,Citrobacter freundii
cfre-test,SAMN15148131,shaw-2021_cfre-SAMN15148131,SRR11949067,SRR12298580,Nanopore,Shaw2021,Citrobacter freundii
cfre-test,SAMN15148132,shaw-2021_cfre-SAMN15148132,SRR11949066,SRR12298579,Nanopore,Shaw2021,Citrobacter freundii
cfre-test,SAMN15148135,shaw-2021_cfre-SAMN15148135,SRR11949339,SRR12298576,Nanopore,Shaw2021,Citrobacter freundii
cfre-test,SAMN15148223,shaw-2021_cfre-SAMN15148223,SRR11948775,SRR12298859,Nanopore,Shaw2021,Citrobacter freundii
cfre-test,SAMN15148277,shaw-2021_cfre-SAMN15148277,SRR11949046,SRR12298747,Nanopore,Shaw2021,Citrobacter freundii
cfre-test,SAMN15148288,shaw-2021_cfre-SAMN15148288,SRR11949034,SRR12298663,Nanopore,Shaw2021,Citrobacter freundii
cfre-test,SAMN15148307,shaw-2021_cfre-SAMN15148307,SRR11948761,SRR12298642,Nanopore,Shaw2021,Citrobacter freundii
cfre-test,SAMN15148340,shaw-2021_cfre-SAMN15148340,SRR11948939,SRR12299155,Nanopore,Shaw2021,Citrobacter freundii
cfre-test,SAMN15148355,shaw-2021_cfre-SAMN15148355,SRR11949382,SRR12299114,Nanopore,Shaw2021,Citrobacter freundii
cfre-test,SAMN15148357,shaw-2021_cfre-SAMN15148357,SRR11949379,SRR12299111,Nanopore,Shaw2021,Citrobacter freundii
cfre-test,SAMN15148363,shaw-2021_cfre-SAMN15148363,SRR11949373,SRR12299105,Nanopore,Shaw2021,Citrobacter freundii
cfre-test,SAMN15148428,shaw-2021_cfre-SAMN15148428,SRR11949157,SRR12298538,Nanopore,Shaw2021,Citrobacter freundii
cfre-test,SAMN15148449,shaw-2021_cfre-SAMN15148449,SRR11949015,SRR12298490,PacBio,Shaw2021,Citrobacter freundii
cfre-test,SAMN15148491,shaw-2021_cfre-SAMN15148491,SRR11949295,SRR12298420,Nanopore,Shaw2021,Citrobacter freundii
cfre-test,SAMN15148496,shaw-2021_cfre-SAMN15148496,SRR11948814,SRR12298415,PacBio,Shaw2021,Citrobacter freundii
cfre-test,SAMN15148500,shaw-2021_cfre-SAMN15148500,SRR11948809,SRR12298410,Nanopore,Shaw2021,Citrobacter freundii
cfre-test,SAMN15148504,shaw-2021_cfre-SAMN15148504,SRR11948805,SRR12298406,PacBio,Shaw2021,Citrobacter freundii
cfre-test,SAMN15148518,shaw-2021_cfre-SAMN15148518,SRR11948799,SRR12298390,PacBio,Shaw2021,Citrobacter freundii
cfre-test,SAMN15148520,shaw-2021_cfre-SAMN15148520,SRR11948797,SRR12298388,PacBio,Shaw2021,Citrobacter freundii
cfre-test,SAMN15148536,shaw-2021_cfre-SAMN15148536,SRR11949166,SRR12298371,Nanopore,Shaw2021,Citrobacter freundii
cfre-test,SAMN15148543,shaw-2021_cfre-SAMN15148543,SRR11948890,SRR12298363,PacBio,Shaw2021,Citrobacter freundii
cfre-test,SAMN15148556,shaw-2021_cfre-SAMN15148556,SRR11949091,SRR12298921,Nanopore,Shaw2021,Citrobacter freundii
cfre-test,SAMN15148558,shaw-2021_cfre-SAMN15148558,SRR11949088,SRR12298918,PacBio,Shaw2021,Citrobacter freundii
cfre-test,SAMN15148581,shaw-2021_cfre-SAMN15148581,SRR11949147,SRR12298869,Nanopore,Shaw2021,Citrobacter freundii
cfre-test,SAMN15148584,shaw-2021_cfre-SAMN15148584,SRR11949144,SRR12298866,PacBio,Shaw2021,Citrobacter freundii
cfre-test,SAMN15148586,shaw-2021_cfre-SAMN15148586,SRR11949142,SRR12298864,PacBio,Shaw2021,Citrobacter freundii
cfre-test,SAMN15148590,shaw-2021_cfre-SAMN15148590,SRR11949137,SRR12298835,PacBio,Shaw2021,Citrobacter freundii
cfre-test,SAMN15148595,shaw-2021_cfre-SAMN15148595,SRR11948682,SRR12298830,Nanopore,Shaw2021,Citrobacter freundii
cfre-test,SAMN15148600,shaw-2021_cfre-SAMN15148600,SRR11948676,SRR12298824,Nanopore,Shaw2021,Citrobacter freundii
cfre-test,SAMN15148603,shaw-2021_cfre-SAMN15148603,SRR11948673,SRR12298821,Nanopore,Shaw2021,Citrobacter freundii
cfre-test,SAMN15148611,shaw-2021_cfre-SAMN15148611,SRR11949258,SRR12298788,Nanopore,Shaw2021,Citrobacter freundii
cfre-test,SAMN15148618,shaw-2021_cfre-SAMN15148618,SRR11949250,SRR12298780,Nanopore,Shaw2021,Citrobacter freundii
cfre-test,SAMN15148687,shaw-2021_cfre-SAMN15148687,SRR11949455,SRR12298676,Nanopore,Shaw2021,Citrobacter freundii
cfre-test,SAMN15148688,shaw-2021_cfre-SAMN15148688,SRR11949454,SRR12298675,Nanopore,Shaw2021,Citrobacter freundii
cfre-test,SAMN15148707,shaw-2021_cfre-SAMN15148707,SRR11948867,SRR12299179,Nanopore,Shaw2021,Citrobacter freundii
cfre-test,SAMN15148717,shaw-2021_cfre-SAMN15148717,SRR11949268,SRR12299168,Nanopore,Shaw2021,Citrobacter freundii
cfre-test,SAMN15148718,shaw-2021_cfre-SAMN15148718,SRR11949267,SRR12299143,Nanopore,Shaw2021,Citrobacter freundii
cfre-test,SAMN15148727,shaw-2021_cfre-SAMN15148727,SRR11948727,SRR12299133,Nanopore,Shaw2021,Citrobacter freundii
cfre-test,SAMN15148736,shaw-2021_cfre-SAMN15148736,SRR11948718,SRR12299124,Nanopore,Shaw2021,Citrobacter freundii
cfre-test,SAMN15148742,shaw-2021_cfre-SAMN15148742,SRR11949353,SRR12299069,Nanopore,Shaw2021,Citrobacter freundii
cfre-test,SAMN15148744,shaw-2021_cfre-SAMN15148744,SRR11949351,SRR12299067,Nanopore,Shaw2021,Citrobacter freundii
cfre-test,SAMN15148747,shaw-2021_cfre-SAMN15148747,SRR11949346,SRR12299062,Nanopore,Shaw2021,Citrobacter freundii
cfre-test,SAMN15148750,shaw-2021_cfre-SAMN15148750,SRR11949343,SRR12299059,Nanopore,Shaw2021,Citrobacter freundii
cfre-test,SAMN15148761,shaw-2021_cfre-SAMN15148761,SRR11949005,SRR12298999,Nanopore,Shaw2021,Citrobacter freundii
efer-test,SAMN15147967,shaw-2021_efer-SAMN15147967,SRR11949325,SRR12298562,PacBio,Shaw2021,Escherichia fergusonii
efer-test,SAMN15147968,shaw-2021_efer-SAMN15147968,SRR11949282,SRR12298527,PacBio,Shaw2021,Escherichia fergusonii
efer-test,SAMN15147969,shaw-2021_efer-SAMN15147969,SRR11948977,SRR12298516,PacBio,Shaw2021,Escherichia fergusonii
efer-test,SAMN15147971,shaw-2021_efer-SAMN15147971,SRR11948639,SRR12298470,Nanopore,Shaw2021,Escherichia fergusonii
efer-test,SAMN15147978,shaw-2021_efer-SAMN15147978,SRR11949053,SRR12298797,PacBio,Shaw2021,Escherichia fergusonii
efer-test,SAMN15147982,shaw-2021_efer-SAMN15147982,SRR11949207,SRR12298654,PacBio,Shaw2021,Escherichia fergusonii
efer-test,SAMN15148032,shaw-2021_efer-SAMN15148032,SRR11949436,SRR12298982,PacBio,Shaw2021,Escherichia fergusonii
efer-test,SAMN15148055,shaw-2021_efer-SAMN15148055,SRR11948839,SRR12299087,PacBio,Shaw2021,Escherichia fergusonii
efer-test,SAMN15148066,shaw-2021_efer-SAMN15148066,SRR11948993,SRR12299075,PacBio,Shaw2021,Escherichia fergusonii
efer-test,SAMN15148146,shaw-2021_efer-SAMN15148146,SRR11949327,SRR12298564,Nanopore,Shaw2021,Escherichia fergusonii
efer-test,SAMN15148151,shaw-2021_efer-SAMN15148151,SRR11949288,SRR12298557,Nanopore,Shaw2021,Escherichia fergusonii
efer-test,SAMN15148152,shaw-2021_efer-SAMN15148152,SRR11949287,SRR12298556,Nanopore,Shaw2021,Escherichia fergusonii
efer-test,SAMN15148153,shaw-2021_efer-SAMN15148153,SRR11949286,SRR12298555,Nanopore,Shaw2021,Escherichia fergusonii
efer-test,SAMN15148162,shaw-2021_efer-SAMN15148162,SRR11948982,SRR12298521,Nanopore,Shaw2021,Escherichia fergusonii
efer-test,SAMN15148208,shaw-2021_efer-SAMN15148208,SRR11949225,SRR12298899,Nanopore,Shaw2021,Escherichia fergusonii
efer-test,SAMN15148209,shaw-2021_efer-SAMN15148209,SRR11949224,SRR12298898,Nanopore,Shaw2021,Escherichia fergusonii
efer-test,SAMN15148224,shaw-2021_efer-SAMN15148224,SRR11948774,SRR12298858,Nanopore,Shaw2021,Escherichia fergusonii
efer-test,SAMN15148225,shaw-2021_efer-SAMN15148225,SRR11948773,SRR12298857,Nanopore,Shaw2021,Escherichia fergusonii
efer-test,SAMN15148235,shaw-2021_efer-SAMN15148235,SRR11949420,SRR12298846,Nanopore,Shaw2021,Escherichia fergusonii
efer-test,SAMN15148237,shaw-2021_efer-SAMN15148237,SRR11949417,SRR12298843,Nanopore,Shaw2021,Escherichia fergusonii
efer-test,SAMN15148244,shaw-2021_efer-SAMN15148244,SRR11949410,SRR12298812,Nanopore,Shaw2021,Escherichia fergusonii
efer-test,SAMN15148245,shaw-2021_efer-SAMN15148245,SRR11949409,SRR12298811,Nanopore,Shaw2021,Escherichia fergusonii
efer-test,SAMN15148247,shaw-2021_efer-SAMN15148247,SRR11949405,SRR12298807,Nanopore,Shaw2021,Escherichia fergusonii
efer-test,SAMN15148269,shaw-2021_efer-SAMN15148269,SRR11949397,SRR12298756,Nanopore,Shaw2021,Escherichia fergusonii
efer-test,SAMN15148274,shaw-2021_efer-SAMN15148274,SRR11949392,SRR12298751,Nanopore,Shaw2021,Escherichia fergusonii
efer-test,SAMN15148286,shaw-2021_efer-SAMN15148286,SRR11949037,SRR12298666,Nanopore,Shaw2021,Escherichia fergusonii
efer-test,SAMN15148292,shaw-2021_efer-SAMN15148292,SRR11949212,SRR12298659,Nanopore,Shaw2021,Escherichia fergusonii
efer-test,SAMN15148304,shaw-2021_efer-SAMN15148304,SRR11949199,SRR12298646,Nanopore,Shaw2021,Escherichia fergusonii
efer-test,SAMN15148308,shaw-2021_efer-SAMN15148308,SRR11948760,SRR12298641,Nanopore,Shaw2021,Escherichia fergusonii
efer-test,SAMN15148313,shaw-2021_efer-SAMN15148313,SRR11948755,SRR12298636,Nanopore,Shaw2021,Escherichia fergusonii
efer-test,SAMN15148315,shaw-2021_efer-SAMN15148315,SRR11948753,SRR12298634,Nanopore,Shaw2021,Escherichia fergusonii
efer-test,SAMN15148317,shaw-2021_efer-SAMN15148317,SRR11948750,SRR12298631,Nanopore,Shaw2021,Escherichia fergusonii
efer-test,SAMN15148320,shaw-2021_efer-SAMN15148320,SRR11948747,SRR12298628,Nanopore,Shaw2021,Escherichia fergusonii
efer-test,SAMN15148324,shaw-2021_efer-SAMN15148324,SRR11949193,SRR12298624,Nanopore,Shaw2021,Escherichia fergusonii
efer-test,SAMN15148325,shaw-2021_efer-SAMN15148325,SRR11949192,SRR12298623,Nanopore,Shaw2021,Escherichia fergusonii
efer-test,SAMN15148326,shaw-2021_efer-SAMN15148326,SRR11949191,SRR12298622,Nanopore,Shaw2021,Escherichia fergusonii
efer-test,SAMN15148372,shaw-2021_efer-SAMN15148372,SRR11949363,SRR12299047,Nanopore,Shaw2021,Escherichia fergusonii
efer-test,SAMN15148373,shaw-2021_efer-SAMN15148373,SRR11949362,SRR12299046,Nanopore,Shaw2021,Escherichia fergusonii
efer-test,SAMN15148374,shaw-2021_efer-SAMN15148374,SRR11949361,SRR12299045,Nanopore,Shaw2021,Escherichia fergusonii
efer-test,SAMN15148375,shaw-2021_efer-SAMN15148375,SRR11949360,SRR12299044,Nanopore,Shaw2021,Escherichia fergusonii
efer-test,SAMN15148376,shaw-2021_efer-SAMN15148376,SRR11949359,SRR12299043,Nanopore,Shaw2021,Escherichia fergusonii
efer-test,SAMN15148383,shaw-2021_efer-SAMN15148383,SRR11948827,SRR12299035,Nanopore,Shaw2021,Escherichia fergusonii
efer-test,SAMN15148384,shaw-2021_efer-SAMN15148384,SRR11948826,SRR12299034,Nanopore,Shaw2021,Escherichia fergusonii
efer-test,SAMN15148386,shaw-2021_efer-SAMN15148386,SRR11948824,SRR12299032,Nanopore,Shaw2021,Escherichia fergusonii
efer-test,SAMN15148427,shaw-2021_efer-SAMN15148427,SRR11949158,SRR12298539,Nanopore,Shaw2021,Escherichia fergusonii
efer-test,SAMN15148429,shaw-2021_efer-SAMN15148429,SRR11949156,SRR12298537,Nanopore,Shaw2021,Escherichia fergusonii
efer-test,SAMN15148431,shaw-2021_efer-SAMN15148431,SRR11949154,SRR12298535,Nanopore,Shaw2021,Escherichia fergusonii
efer-test,SAMN15148432,shaw-2021_efer-SAMN15148432,SRR11949153,SRR12298534,Nanopore,Shaw2021,Escherichia fergusonii
efer-test,SAMN15148437,shaw-2021_efer-SAMN15148437,SRR11949029,SRR12298504,Nanopore,Shaw2021,Escherichia fergusonii
efer-test,SAMN15148442,shaw-2021_efer-SAMN15148442,SRR11949024,SRR12298499,Nanopore,Shaw2021,Escherichia fergusonii
eskapee-test,SAMN10163228,robertson-benchmark_abau-SAMN10163228,SRR8180477,SRR8180476,NA,Robertson2018,Acinetobacter baumannii
eskapee-test,SAMN10163233,robertson-benchmark_abau-SAMN10163233,SRR8180786,SRR8180787,NA,Robertson2018,Acinetobacter baumannii
eskapee-test,SAMN16357205,robertson-benchmark_abau-SAMN16357205,SRR12825852,SRR12825853,NA,Robertson2018,Acinetobacter baumannii
eskapee-test,SAMN16357501,robertson-benchmark_abau-SAMN16357501,SRR13674445,SRR13674444,NA,Robertson2018,Acinetobacter baumannii
eskapee-test,SAMN16357502,robertson-benchmark_abau-SAMN16357502,SRR13674446,SRR13674447,NA,Robertson2018,Acinetobacter baumannii
eskapee-test,SAMN16357574,robertson-benchmark_easb-SAMN16357574,SRR15075451,SRR15075452,NA,Robertson2018,Enterobacter asburiae
eskapee-test,SAMN16357569,robertson-benchmark_ebug-SAMN16357569,SRR15075415,SRR15075414,NA,Robertson2018,Enterobacter bugandensis
eskapee-test,SAMN16357570,robertson-benchmark_ecan-SAMN16357570,SRR15075446,SRR15075445,NA,Robertson2018,Enterobacter cancerogenus
eskapee-test,SAMN02934530,robertson-benchmark_eclo-SAMN02934530,SRR1609082,SRR1609084,NA,Robertson2018,Enterobacter cloacae
eskapee-test,SAMN16357573,robertson-benchmark_eclo-SAMN16357573,SRR15075450,SRR15075449,NA,Robertson2018,Enterobacter cloacae
eskapee-test,SAMD00056131,robertson-benchmark_ecol-SAMD00056131,DRR065947,DRR065950,NA,Robertson2018,Escherichia coli
eskapee-test,SAMN02991226,robertson-benchmark_ecol-SAMN02991226,SRR2014925,SRR2829967,NA,Robertson2018,Escherichia coli
eskapee-test,SAMN04014847,robertson-benchmark_ecol-SAMN04014847,SRR3112258,SRR6277507,NA,Robertson2018,Escherichia coli
eskapee-test,SAMN04014852,robertson-benchmark_ecol-SAMN04014852,SRR3112262,SRR6277528,NA,Robertson2018,Escherichia coli
eskapee-test,SAMN04014855,robertson-benchmark_ecol-SAMN04014855,SRR3112265,SRR6277533,NA,Robertson2018,Escherichia coli
eskapee-test,SAMN04014856,robertson-benchmark_ecol-SAMN04014856,SRR3112266,SRR6277538,NA,Robertson2018,Escherichia coli
eskapee-test,SAMN04014858,robertson-benchmark_ecol-SAMN04014858,SRR3112268,SRR6278364,NA,Robertson2018,Escherichia coli
eskapee-test,SAMN04014860,robertson-benchmark_ecol-SAMN04014860,SRR3112270,SRR6278374,NA,Robertson2018,Escherichia coli
eskapee-test,SAMN03339922,robertson-benchmark_efae-SAMN03339922,SRR2120261,SRR2120260,NA,Robertson2018,Enterococcus faecium
eskapee-test,SAMN06173336,robertson-benchmark_efae-SAMN06173336,SRR5419825,SRR5419824,NA,Robertson2018,Enterococcus faecium
eskapee-test,SAMN02713646,robertson-benchmark_ehor-SAMN02713646,SRR1576808,SRR1576812,NA,Robertson2018,Enterobacter hormaechei
eskapee-test,SAMN02713683,robertson-benchmark_ehor-SAMN02713683,SRR1576778,SRR1576782,NA,Robertson2018,Enterobacter hormaechei
eskapee-test,SAMN03733769,robertson-benchmark_ehor-SAMN03733769,SRR5713996,SRR5629774,NA,Robertson2018,Enterobacter hormaechei
eskapee-test,SAMN11056357,robertson-benchmark_ehor-SAMN11056357,SRR8984857,SRR8984859,NA,Robertson2018,Enterobacter hormaechei
eskapee-test,SAMN16357247,robertson-benchmark_ehor-SAMN16357247,SRR12931606,SRR12931605,NA,Robertson2018,Enterobacter hormaechei
eskapee-test,SAMN16357576,robertson-benchmark_ehor-SAMN16357576,SRR15075461,SRR15075462,NA,Robertson2018,Enterobacter hormaechei
eskapee-test,SAMN16357577,robertson-benchmark_ehor-SAMN16357577,SRR15075463,SRR15075464,NA,Robertson2018,Enterobacter hormaechei
eskapee-test,SAMN10163217,robertson-benchmark_erog-SAMN10163217,SRR8180306,SRR8180307,NA,Robertson2018,Enterobacter roggenkampii
eskapee-test,SAMN16357572,robertson-benchmark_erog-SAMN16357572,SRR15075448,SRR15075447,NA,Robertson2018,Enterobacter roggenkampii
eskapee-test,SAMN03996308,robertson-benchmark_exxx-SAMN03996308,SRR2822449,SRR2822448,NA,Robertson2018,Enterobacter xxx
eskapee-test,SAMEA3357010,robertson-benchmark_kpne-SAMEA3357010,ERR1023775,SRR5665597,NA,Robertson2018,Klebsiella pneumoniae
eskapee-test,SAMEA3357043,robertson-benchmark_kpne-SAMEA3357043,ERR1023792,SRR5665596,NA,Robertson2018,Klebsiella pneumoniae
eskapee-test,SAMEA3357077,robertson-benchmark_kpne-SAMEA3357077,ERR1023800,SRR6175467,NA,Robertson2018,Klebsiella pneumoniae
eskapee-test,SAMEA3357080,robertson-benchmark_kpne-SAMEA3357080,ERR1023801,SRR6175468,NA,Robertson2018,Klebsiella pneumoniae
eskapee-test,SAMEA3357223,robertson-benchmark_kpne-SAMEA3357223,ERR1008714,SRR6175473,NA,Robertson2018,Klebsiella pneumoniae
eskapee-test,SAMEA3357268,robertson-benchmark_kpne-SAMEA3357268,ERR1008735,SRR6202032,NA,Robertson2018,Klebsiella pneumoniae
eskapee-test,SAMEA3357272,robertson-benchmark_kpne-SAMEA3357272,ERR1008737,SRR6202031,NA,Robertson2018,Klebsiella pneumoniae
eskapee-test,SAMEA3357328,robertson-benchmark_kpne-SAMEA3357328,ERR1023631,SRR6175472,NA,Robertson2018,Klebsiella pneumoniae
eskapee-test,SAMN01057614,robertson-benchmark_kpne-SAMN01057614,SRR1427234,SRR1427238,NA,Robertson2018,Klebsiella pneumoniae
eskapee-test,SAMN02786856,robertson-benchmark_kpne-SAMN02786856,SRR1510963,SRR1510966,NA,Robertson2018,Klebsiella pneumoniae
eskapee-test,SAMN03024573,robertson-benchmark_kpne-SAMN03024573,SRR5713998,SRR5629776,NA,Robertson2018,Klebsiella pneumoniae
eskapee-test,SAMN03024583,robertson-benchmark_kpne-SAMN03024583,SRR5714002,SRR5629780,NA,Robertson2018,Klebsiella pneumoniae
eskapee-test,SAMN03996301,robertson-benchmark_kpne-SAMN03996301,SRR2821776,SRR2821775,NA,Robertson2018,Klebsiella pneumoniae
eskapee-test,SAMN07312483,robertson-benchmark_kpne-SAMN07312483,SRR5884793,SRR5884794,NA,Robertson2018,Klebsiella pneumoniae
eskapee-test,SAMN07312488,robertson-benchmark_kpne-SAMN07312488,SRR5884857,SRR5884858,NA,Robertson2018,Klebsiella pneumoniae
eskapee-test,SAMN07312490,robertson-benchmark_kpne-SAMN07312490,SRR5884863,SRR5884864,NA,Robertson2018,Klebsiella pneumoniae
eskapee-test,SAMN10163190,robertson-benchmark_kpne-SAMN10163190,SRR8179066,SRR8179065,NA,Robertson2018,Klebsiella pneumoniae
eskapee-test,SAMN11056344,robertson-benchmark_kpne-SAMN11056344,SRR8984904,SRR8984903,NA,Robertson2018,Klebsiella pneumoniae
eskapee-test,SAMN11056345,robertson-benchmark_kpne-SAMN11056345,SRR8984905,SRR8984906,NA,Robertson2018,Klebsiella pneumoniae
eskapee-test,SAMN11056346,robertson-benchmark_kpne-SAMN11056346,SRR8984908,SRR8984907,NA,Robertson2018,Klebsiella pneumoniae
eskapee-test,SAMN11056490,robertson-benchmark_kpne-SAMN11056490,SRR9641577,SRR9641576,NA,Robertson2018,Klebsiella pneumoniae
eskapee-test,SAMN16357245,robertson-benchmark_kpne-SAMN16357245,SRR12931584,SRR12931585,NA,Robertson2018,Klebsiella pneumoniae
eskapee-test,SAMN16357448,robertson-benchmark_kpne-SAMN16357448,SRR13673973,SRR13673972,NA,Robertson2018,Klebsiella pneumoniae
eskapee-test,SAMN16357449,robertson-benchmark_kpne-SAMN16357449,SRR13673975,SRR13673974,NA,Robertson2018,Klebsiella pneumoniae
eskapee-test,SAMN16357450,robertson-benchmark_kpne-SAMN16357450,SRR13673976,SRR13673977,NA,Robertson2018,Klebsiella pneumoniae
eskapee-test,SAMN16357451,robertson-benchmark_kpne-SAMN16357451,SRR13673978,SRR13673979,NA,Robertson2018,Klebsiella pneumoniae
eskapee-test,SAMN16357452,robertson-benchmark_kpne-SAMN16357452,SRR13674001,SRR13674000,NA,Robertson2018,Klebsiella pneumoniae
eskapee-test,SAMN16357453,robertson-benchmark_kpne-SAMN16357453,SRR13674003,SRR13674002,NA,Robertson2018,Klebsiella pneumoniae
eskapee-test,SAMN16357454,robertson-benchmark_kpne-SAMN16357454,SRR13674006,SRR13674005,NA,Robertson2018,Klebsiella pneumoniae
eskapee-test,SAMN16357455,robertson-benchmark_kpne-SAMN16357455,SRR13674008,SRR13674007,NA,Robertson2018,Klebsiella pneumoniae
eskapee-test,SAMN16357456,robertson-benchmark_kpne-SAMN16357456,SRR13674019,SRR13674021,NA,Robertson2018,Klebsiella pneumoniae
eskapee-test,SAMN16357457,robertson-benchmark_kpne-SAMN16357457,SRR13674212,SRR13674214,NA,Robertson2018,Klebsiella pneumoniae
eskapee-test,SAMN16357458,robertson-benchmark_kpne-SAMN16357458,SRR13674215,SRR13674216,NA,Robertson2018,Klebsiella pneumoniae
eskapee-test,SAMN16357459,robertson-benchmark_kpne-SAMN16357459,SRR13674229,SRR13674228,NA,Robertson2018,Klebsiella pneumoniae
eskapee-test,SAMN16357460,robertson-benchmark_kpne-SAMN16357460,SRR13674231,SRR13674230,NA,Robertson2018,Klebsiella pneumoniae
eskapee-test,SAMN16357461,robertson-benchmark_kpne-SAMN16357461,SRR13674233,SRR13674232,NA,Robertson2018,Klebsiella pneumoniae
eskapee-test,SAMN16357462,robertson-benchmark_kpne-SAMN16357462,SRR13674235,SRR13674234,NA,Robertson2018,Klebsiella pneumoniae
eskapee-test,SAMN16357463,robertson-benchmark_kpne-SAMN16357463,SRR13674237,SRR13674236,NA,Robertson2018,Klebsiella pneumoniae
eskapee-test,SAMN16357464,robertson-benchmark_kpne-SAMN16357464,SRR13674429,SRR13674430,NA,Robertson2018,Klebsiella pneumoniae
eskapee-test,SAMN16357465,robertson-benchmark_kpne-SAMN16357465,SRR13674404,SRR13674405,NA,Robertson2018,Klebsiella pneumoniae
eskapee-test,SAMN16357466,robertson-benchmark_kpne-SAMN16357466,SRR13668104,SRR13668103,NA,Robertson2018,Klebsiella pneumoniae
eskapee-test,SAMN16357467,robertson-benchmark_kpne-SAMN16357467,SRR13668388,SRR13668387,NA,Robertson2018,Klebsiella pneumoniae
eskapee-test,SAMN16357468,robertson-benchmark_kpne-SAMN16357468,SRR13668390,SRR13668389,NA,Robertson2018,Klebsiella pneumoniae
eskapee-test,SAMN16357470,robertson-benchmark_kpne-SAMN16357470,SRR13668412,SRR13668413,NA,Robertson2018,Klebsiella pneumoniae
eskapee-test,SAMN16357471,robertson-benchmark_kpne-SAMN16357471,SRR13668426,SRR13668427,NA,Robertson2018,Klebsiella pneumoniae
eskapee-test,SAMN16357472,robertson-benchmark_kpne-SAMN16357472,SRR13668438,SRR13668439,NA,Robertson2018,Klebsiella pneumoniae
eskapee-test,SAMN10163177,robertson-benchmark_paer-SAMN10163177,SRR8178086,SRR8178085,NA,Robertson2018,Pseudomonas aeruginosa
eskapee-test,SAMN10163199,robertson-benchmark_paer-SAMN10163199,SRR8179283,SRR8179284,NA,Robertson2018,Pseudomonas aeruginosa
eskapee-test,SAMN10346774,robertson-benchmark_paer-SAMN10346774,SRR9160467,SRR9160466,NA,Robertson2018,Pseudomonas aeruginosa
eskapee-test,SAMN11056482,robertson-benchmark_paer-SAMN11056482,SRR9641503,SRR9641502,NA,Robertson2018,Pseudomonas aeruginosa
eskapee-test,SAMN16357210,robertson-benchmark_paer-SAMN16357210,SRR12825839,SRR12825840,NA,Robertson2018,Pseudomonas aeruginosa
eskapee-test,SAMN02700075,robertson-benchmark_saur-SAMN02700075,SRR1206476,SRR1206478,NA,Robertson2018,Staphylococcus aureus
eskapee-test,SAMN03255442,robertson-benchmark_saur-SAMN03255442,SRR1955495,SRR1955497,NA,Robertson2018,Staphylococcus aureus
eskapee-test,SAMN03255444,robertson-benchmark_saur-SAMN03255444,SRR1955581,SRR1955583,NA,Robertson2018,Staphylococcus aureus
eskapee-test,SAMN03255445,robertson-benchmark_saur-SAMN03255445,SRR1955587,SRR1955585,NA,Robertson2018,Staphylococcus aureus
eskapee-test,SAMN03255446,robertson-benchmark_saur-SAMN03255446,SRR1955590,SRR1955589,NA,Robertson2018,Staphylococcus aureus
eskapee-test,SAMN03255448,robertson-benchmark_saur-SAMN03255448,SRR1955595,SRR1955594,NA,Robertson2018,Staphylococcus aureus
eskapee-test,SAMN03255449,robertson-benchmark_saur-SAMN03255449,SRR1955597,SRR1955596,NA,Robertson2018,Staphylococcus aureus
eskapee-test,SAMN03255451,robertson-benchmark_saur-SAMN03255451,SRR1955607,SRR1955608,NA,Robertson2018,Staphylococcus aureus
eskapee-test,SAMN03255453,robertson-benchmark_saur-SAMN03255453,SRR1955613,SRR1955614,NA,Robertson2018,Staphylococcus aureus
eskapee-test,SAMN03255454,robertson-benchmark_saur-SAMN03255454,SRR1955616,SRR1955615,NA,Robertson2018,Staphylococcus aureus
eskapee-test,SAMN03255458,robertson-benchmark_saur-SAMN03255458,SRR1955625,SRR1955624,NA,Robertson2018,Staphylococcus aureus
eskapee-test,SAMN03255460,robertson-benchmark_saur-SAMN03255460,SRR1955630,SRR1955628,NA,Robertson2018,Staphylococcus aureus
eskapee-test,SAMN03255463,robertson-benchmark_saur-SAMN03255463,SRR1955816,SRR1955817,NA,Robertson2018,Staphylococcus aureus
eskapee-test,SAMN03255464,robertson-benchmark_saur-SAMN03255464,SRR1955820,SRR1955818,NA,Robertson2018,Staphylococcus aureus
eskapee-test,SAMN03255466,robertson-benchmark_saur-SAMN03255466,SRR1955823,SRR1955824,NA,Robertson2018,Staphylococcus aureus
eskapee-test,SAMN03255469,robertson-benchmark_saur-SAMN03255469,SRR1955833,SRR1955831,NA,Robertson2018,Staphylococcus aureus
eskapee-test,SAMN03255474,robertson-benchmark_saur-SAMN03255474,SRR1955856,SRR1955857,NA,Robertson2018,Staphylococcus aureus
eskapee-test,SAMN03255479,robertson-benchmark_saur-SAMN03255479,SRR1955869,SRR1955868,NA,Robertson2018,Staphylococcus aureus
eskapee-test,SAMN03255481,robertson-benchmark_saur-SAMN03255481,SRR1955873,SRR1955872,NA,Robertson2018,Staphylococcus aureus
eskapee-test,SAMN03255482,robertson-benchmark_saur-SAMN03255482,SRR1955874,SRR1955875,NA,Robertson2018,Staphylococcus aureus
eskapee-test,SAMN03255486,robertson-benchmark_saur-SAMN03255486,SRR1955924,SRR1955925,NA,Robertson2018,Staphylococcus aureus
eskapee-test,SAMN03255487,robertson-benchmark_saur-SAMN03255487,SRR1955931,SRR1955930,NA,Robertson2018,Staphylococcus aureus
eskapee-test,SAMN03996304,robertson-benchmark_saur-SAMN03996304,SRR2822404,SRR2822405,NA,Robertson2018,Staphylococcus aureus
eskapee-test,SAMN07312456,robertson-benchmark_saur-SAMN07312456,SRR5878904,SRR5878905,NA,Robertson2018,Staphylococcus aureus
eskapee-test,SAMN10163180,robertson-benchmark_saur-SAMN10163180,SRR8178101,SRR8178104,NA,Robertson2018,Staphylococcus aureus
eskapee-test,SAMN11056375,robertson-benchmark_saur-SAMN11056375,SRR8984868,SRR8984867,NA,Robertson2018,Staphylococcus aureus
eskapee-test,SAMN11056481,robertson-benchmark_saur-SAMN11056481,SRR9641507,SRR9641506,NA,Robertson2018,Staphylococcus aureus
eskapee-test,SAMN11056488,robertson-benchmark_saur-SAMN11056488,SRR9641573,SRR9641572,NA,Robertson2018,Staphylococcus aureus
eskapee-test,SAMN16357255,robertson-benchmark_saur-SAMN16357255,SRR12934882,SRR12934883,NA,Robertson2018,Staphylococcus aureus
eskapee-test,SAMN16357387,robertson-benchmark_saur-SAMN16357387,SRR13182643,SRR13182642,NA,Robertson2018,Staphylococcus aureus
eskapee-test,SAMN16357388,robertson-benchmark_saur-SAMN16357388,SRR13182647,SRR13182646,NA,Robertson2018,Staphylococcus aureus
eskapee-train,SAMEA12292436,boostrom_abau-SAMEA12292436,NA,ERR8007744,nanopore,Boostrom2022,Acinetobacter baumannii
eskapee-train,SAMEA12292492,boostrom_abau-SAMEA12292492,NA,ERR8007748,nanopore,Boostrom2022,Acinetobacter baumannii
eskapee-train,SAMEA12292493,boostrom_abau-SAMEA12292493,NA,ERR8007749,nanopore,Boostrom2022,Acinetobacter baumannii
eskapee-train,SAMEA12292496,boostrom_abau-SAMEA12292496,NA,ERR8007750,nanopore,Boostrom2022,Acinetobacter baumannii
eskapee-train,SAMEA12292515,boostrom_abau-SAMEA12292515,NA,ERR8007753,nanopore,Boostrom2022,Acinetobacter baumannii
eskapee-train,SAMEA12292546,boostrom_abau-SAMEA12292546,NA,ERR8007754,nanopore,Boostrom2022,Acinetobacter baumannii
eskapee-train,SAMEA12292472,boostrom_paer-SAMEA12292472,NA,ERR8007874,nanopore,Boostrom2022,Pseudomonas aeruginosa
eskapee-train,SAMEA12292473,boostrom_paer-SAMEA12292473,NA,ERR8007875,nanopore,Boostrom2022,Pseudomonas aeruginosa
eskapee-train,SAMEA12292475,boostrom_paer-SAMEA12292475,NA,ERR8007877,nanopore,Boostrom2022,Pseudomonas aeruginosa
eskapee-train,SAMEA12292477,boostrom_paer-SAMEA12292477,NA,ERR8007879,nanopore,Boostrom2022,Pseudomonas aeruginosa
eskapee-train,SAMEA12292478,boostrom_paer-SAMEA12292478,NA,ERR8007880,nanopore,Boostrom2022,Pseudomonas aeruginosa
eskapee-train,SAMEA12292479,boostrom_paer-SAMEA12292479,NA,ERR8007881,nanopore,Boostrom2022,Pseudomonas aeruginosa
eskapee-train,SAMEA12292490,boostrom_paer-SAMEA12292490,NA,ERR8007892,nanopore,Boostrom2022,Pseudomonas aeruginosa
eskapee-train,SAMEA12292583,boostrom_saur-SAMEA12292583,NA,ERR8007911,nanopore,Boostrom2022,Staphylococcus aureus
eskapee-train,E0139,mlplasmids_efae-E0139,ERR2778306,NA,nanopore,ArredondoAlonso2018,Enterococcus faecium
eskapee-train,E4227,mlplasmids_efae-E4227,ERR2779600,NA,nanopore,ArredondoAlonso2018,Enterococcus faecium
eskapee-train,E4438,mlplasmids_efae-E4438,ERR2779515,NA,nanopore,ArredondoAlonso2018,Enterococcus faecium
eskapee-train,E6055,mlplasmids_efae-E6055,ERR2778723,NA,nanopore,ArredondoAlonso2018,Enterococcus faecium
eskapee-train,E7040,mlplasmids_efae-E7040,ERR2778374,NA,nanopore,ArredondoAlonso2018,Enterococcus faecium
eskapee-train,E7171,mlplasmids_efae-E7171,ERR2778934,NA,nanopore,ArredondoAlonso2018,Enterococcus faecium
eskapee-train,E7357,mlplasmids_efae-E7357,ERR2778685,NA,nanopore,ArredondoAlonso2018,Enterococcus faecium
eskapee-train,E7441,mlplasmids_efae-E7441,ERR2779296,NA,nanopore,ArredondoAlonso2018,Enterococcus faecium
eskapee-train,E8284,mlplasmids_efae-E8284,ERR2778299,NA,nanopore,ArredondoAlonso2018,Enterococcus faecium
eskapee-train,E8481,mlplasmids_efae-E8481,ERR2778265,NA,nanopore,ArredondoAlonso2018,Enterococcus faecium
eskapee-train,SAMN15148478,shaw-2021_eclo-SAMN15148478,SRR11948779,SRR12298434,PacBio,Shaw2021,Enterobacter cloacae
eskapee-train,SAMN15148534,shaw-2021_eclo-SAMN15148534,SRR11949168,SRR12298373,PacBio,Shaw2021,Enterobacter cloacae
eskapee-train,SAMN15148541,shaw-2021_eclo-SAMN15148541,SRR11948892,SRR12298365,PacBio,Shaw2021,Enterobacter cloacae
eskapee-train,SAMN15148612,shaw-2021_eclo-SAMN15148612,SRR11949257,SRR12298787,Nanopore,Shaw2021,Enterobacter cloacae
eskapee-train,SAMN15148633,shaw-2021_eclo-SAMN15148633,SRR11948704,SRR12298737,Nanopore,Shaw2021,Enterobacter cloacae
eskapee-train,SAMN15148668,shaw-2021_eclo-SAMN15148668,SRR11948910,SRR12298697,Nanopore,Shaw2021,Enterobacter cloacae
eskapee-train,SAMN15148690,shaw-2021_eclo-SAMN15148690,SRR11949452,SRR12298673,Nanopore,Shaw2021,Enterobacter cloacae
eskapee-train,SAMN15148770,shaw-2021_eclo-SAMN15148770,SRR11949443,SRR12298989,Nanopore,Shaw2021,Enterobacter cloacae
eskapee-train,SAMN15147948,shaw-2021_ecol-SAMN15147948,SRR11949063,SRR12298764,PacBio,Shaw2021,Escherichia coli
eskapee-train,SAMN15148054,shaw-2021_ecol-SAMN15148054,SRR11948840,SRR12299088,Nanopore,Shaw2021,Escherichia coli
eskapee-train,SAMN15148145,shaw-2021_ecol-SAMN15148145,SRR11949328,SRR12298565,Nanopore,Shaw2021,Escherichia coli
eskapee-train,SAMN15148272,shaw-2021_ecol-SAMN15148272,SRR11949394,SRR12298753,Nanopore,Shaw2021,Escherichia coli
eskapee-train,SAMN15148318,shaw-2021_ecol-SAMN15148318,SRR11948749,SRR12298630,Nanopore,Shaw2021,Escherichia coli
eskapee-train,SAMN15148346,shaw-2021_ecol-SAMN15148346,SRR11948933,SRR12299149,Nanopore,Shaw2021,Escherichia coli
eskapee-train,SAMN15148412,shaw-2021_ecol-SAMN15148412,SRR11948961,SRR12298604,Nanopore,Shaw2021,Escherichia coli
eskapee-train,SAMN15148474,shaw-2021_ecol-SAMN15148474,SRR11948784,SRR12298439,Nanopore,Shaw2021,Escherichia coli
eskapee-train,SAMN15148538,shaw-2021_ecol-SAMN15148538,SRR11948895,SRR12298368,Nanopore,Shaw2021,Escherichia coli
eskapee-train,SAMN15148693,shaw-2021_ecol-SAMN15148693,SRR11949449,SRR12298670,Nanopore,Shaw2021,Escherichia coli
eskapee-train,SAMN15148503,shaw-2021_exxx-SAMN15148503,SRR11948806,SRR12298407,PacBio,Shaw2021,Enterobacter sp.
eskapee-train,SAMN15148756,shaw-2021_exxx-SAMN15148756,SRR11949011,SRR12299053,Nanopore,Shaw2021,Enterobacter sp.
eskapee-train,SAMN15148443,shaw-2021_kpne-SAMN15148443,SRR11949023,SRR12298498,PacBio,Shaw2021,Klebsiella pneumoniae
eskapee-train,SAMN15148530,shaw-2021_kpne-SAMN15148530,SRR11949172,SRR12298377,PacBio,Shaw2021,Klebsiella pneumoniae
eskapee-train,SAMN15148557,shaw-2021_kpne-SAMN15148557,SRR11949089,SRR12298919,PacBio,Shaw2021,Klebsiella pneumoniae
eskapee-train,SAMN15148709,shaw-2021_kpne-SAMN15148709,SRR11948865,SRR12299177,Nanopore,Shaw2021,Klebsiella pneumoniae
eskapee-train,SAMN15148715,shaw-2021_kpne-SAMN15148715,SRR11949271,SRR12299171,Nanopore,Shaw2021,Klebsiella pneumoniae
eskapee-train,SAMN05238571,small2_abau-SAMN05238571,SRR3666896,SRR10173078,nanopore,Chan2020,Acinetobacter baumannii
eskapee-train,SAMN05238628,small2_abau-SAMN05238628,SRR3666894,SRR10173076,nanopore,Chan2020,Acinetobacter baumannii
eskapee-train,SAMN05238672,small2_abau-SAMN05238672,SRR3666207,SRR10173103,nanopore,Chan2020,Acinetobacter baumannii
eskapee-train,SAMN05238697,small2_abau-SAMN05238697,SRR3666904,SRR10173075,nanopore,Chan2020,Acinetobacter baumannii
eskapee-train,SAMD00180470,small2_saur-SAMD00180470,DRR187559,DRR187567,nanopore,Hikichi2019,Staphylococcus aureus
eskapee-train,SAMD00180471,small2_saur-SAMD00180471,DRR187560,DRR187568,nanopore,Hikichi2019,Staphylococcus aureus
eskapee-train,SAMD00180472,small2_saur-SAMD00180472,DRR187561,DRR187569,nanopore,Hikichi2019,Staphylococcus aureus
eskapee-train,SAMD00180473,small2_saur-SAMD00180473,DRR187562,DRR187570,nanopore,Hikichi2019,Staphylococcus aureus
eskapee-train,SAMD00180474,small2_saur-SAMD00180474,DRR187563,DRR187571,nanopore,Hikichi2019,Staphylococcus aureus
eskapee-train,SAMD00180475,small2_saur-SAMD00180475,DRR187564,DRR187572,nanopore,Hikichi2019,Staphylococcus aureus
eskapee-train,SAMD00180476,small2_saur-SAMD00180476,DRR187565,DRR187573,nanopore,Hikichi2019,Staphylococcus aureus
eskapee-train,SAMD00180477,small2_saur-SAMD00180477,DRR187566,DRR187574,nanopore,Hikichi2019,Staphylococcus aureus
eskapee-train,SAMD00258402,small2_saur-SAMD00258402,DRR258631,DRR258632,nanopore,Ono2021,Staphylococcus aureus
eskapee-train,SAMEA5578836,small3_paer-SAMEA5578836,ERR3307233,ERR3307078,nanopore,Silke2020,Pseudomonas aeruginosa
eskapee-train,SAMEA5578860,small3_paer-SAMEA5578860,ERR3307226,ERR3307085,nanopore,Silke2020,Pseudomonas aeruginosa
eskapee-train,SAMN10374626,small3_paer-SAMN10374626,SRR8526280,SRR8518609,pacbio,Magalhaes2019,Pseudomonas aeruginosa
eskapee-train,SAMN21365994,small_kpne-SAMN21365994,SRR15827908,SRR15828019,pacbio,Acman2021,Klebsiella pneumoniae
eskapee-train,SAMN21366002,small_kpne-SAMN21366002,SRR15827914,SRR15828010,pacbio,Acman2021,Klebsiella pneumoniae
eskapee-train,SAMN21366037,small_kpne-SAMN21366037,SRR15827824,SRR15827972,pacbio,Acman2021,Klebsiella pneumoniae
eskapee-train,SAMN21366047,small_kpne-SAMN21366047,SRR15827943,SRR15827961,pacbio,Acman2021,Klebsiella pneumoniae
eskapee-train,SAMN21366070,small_kpne-SAMN21366070,SRR15827918,SRR15827895,pacbio,Acman2021,Klebsiella pneumoniae
koxy-test,SAMN02786843,robertson-benchmark_koxy-SAMN02786843,SRR1501122,SRR1501126,NA,Robertson2018,Klebsiella oxytoca
koxy-test,SAMN03733631,robertson-benchmark_koxy-SAMN03733631,SRR5713997,SRR5629775,NA,Robertson2018,Klebsiella oxytoca
koxy-test,SAMN15148173,shaw-2021_koxy-SAMN15148173,SRR11948970,SRR12298509,Nanopore,Shaw2021,Klebsiella oxytoca
koxy-test,SAMN15148174,shaw-2021_koxy-SAMN15148174,SRR11948969,SRR12298508,Nanopore,Shaw2021,Klebsiella oxytoca
koxy-test,SAMN15148287,shaw-2021_koxy-SAMN15148287,SRR11949035,SRR12298664,Nanopore,Shaw2021,Klebsiella oxytoca
koxy-test,SAMN15148459,shaw-2021_koxy-SAMN15148459,SRR11949314,SRR12298455,Nanopore,Shaw2021,Klebsiella oxytoca
koxy-test,SAMN15148463,shaw-2021_koxy-SAMN15148463,SRR11949310,SRR12298451,PacBio,Shaw2021,Klebsiella oxytoca
koxy-test,SAMN15148481,shaw-2021_koxy-SAMN15148481,SRR11949306,SRR12298431,PacBio,Shaw2021,Klebsiella oxytoca
koxy-test,SAMN15148490,shaw-2021_koxy-SAMN15148490,SRR11949296,SRR12298421,Nanopore,Shaw2021,Klebsiella oxytoca
koxy-test,SAMN15148521,shaw-2021_koxy-SAMN15148521,SRR11948796,SRR12298387,Nanopore,Shaw2021,Klebsiella oxytoca
koxy-test,SAMN15148522,shaw-2021_koxy-SAMN15148522,SRR11948795,SRR12298386,PacBio,Shaw2021,Klebsiella oxytoca
koxy-test,SAMN15148527,shaw-2021_koxy-SAMN15148527,SRR11949175,SRR12298380,PacBio,Shaw2021,Klebsiella oxytoca
koxy-test,SAMN15148529,shaw-2021_koxy-SAMN15148529,SRR11949173,SRR12298378,Nanopore,Shaw2021,Klebsiella oxytoca
koxy-test,SAMN15148531,shaw-2021_koxy-SAMN15148531,SRR11949171,SRR12298376,Nanopore,Shaw2021,Klebsiella oxytoca
koxy-test,SAMN15148533,shaw-2021_koxy-SAMN15148533,SRR11949169,SRR12298374,PacBio,Shaw2021,Klebsiella oxytoca
koxy-test,SAMN15148592,shaw-2021_koxy-SAMN15148592,SRR11949135,SRR12298833,Nanopore,Shaw2021,Klebsiella oxytoca
koxy-test,SAMN15148604,shaw-2021_koxy-SAMN15148604,SRR11948672,SRR12298820,Nanopore,Shaw2021,Klebsiella oxytoca
koxy-test,SAMN15148609,shaw-2021_koxy-SAMN15148609,SRR11949260,SRR12298814,Nanopore,Shaw2021,Klebsiella oxytoca
koxy-test,SAMN15148619,shaw-2021_koxy-SAMN15148619,SRR11949249,SRR12298779,Nanopore,Shaw2021,Klebsiella oxytoca
koxy-test,SAMN15148636,shaw-2021_koxy-SAMN15148636,SRR11948701,SRR12298734,Nanopore,Shaw2021,Klebsiella oxytoca
koxy-test,SAMN15148637,shaw-2021_koxy-SAMN15148637,SRR11948699,SRR12298732,Nanopore,Shaw2021,Klebsiella oxytoca
koxy-test,SAMN15148647,shaw-2021_koxy-SAMN15148647,SRR11948917,SRR12298720,Nanopore,Shaw2021,Klebsiella oxytoca
koxy-test,SAMN15148651,shaw-2021_koxy-SAMN15148651,SRR11948913,SRR12298716,Nanopore,Shaw2021,Klebsiella oxytoca
koxy-test,SAMN15148657,shaw-2021_koxy-SAMN15148657,SRR11949238,SRR12298709,Nanopore,Shaw2021,Klebsiella oxytoca
koxy-test,SAMN15148669,shaw-2021_koxy-SAMN15148669,SRR11948909,SRR12298696,Nanopore,Shaw2021,Klebsiella oxytoca
koxy-test,SAMN15148673,shaw-2021_koxy-SAMN15148673,SRR11948905,SRR12298692,Nanopore,Shaw2021,Klebsiella oxytoca
koxy-test,SAMN15148681,shaw-2021_koxy-SAMN15148681,SRR11948634,SRR12298683,Nanopore,Shaw2021,Klebsiella oxytoca
koxy-test,SAMN15148716,shaw-2021_koxy-SAMN15148716,SRR11949270,SRR12299170,Nanopore,Shaw2021,Klebsiella oxytoca
koxy-test,SAMN15148723,shaw-2021_koxy-SAMN15148723,SRR11949262,SRR12299138,Nanopore,Shaw2021,Klebsiella oxytoca
koxy-test,SAMN15148734,shaw-2021_koxy-SAMN15148734,SRR11948720,SRR12299126,Nanopore,Shaw2021,Klebsiella oxytoca
koxy-test,SAMN15148741,shaw-2021_koxy-SAMN15148741,SRR11949354,SRR12299070,Nanopore,Shaw2021,Klebsiella oxytoca
myco-test,SAMD00153219,small_mabs-SAMD00153219,DRR161241,DRR161304,nanopore,Matsumoto2019,Mycobacteroides abscessus
myco-test,SAMD00153167,small_magr-SAMD00153167,DRR161189,DRR161252,nanopore,Matsumoto2019,Mycolicibacterium agri
myco-test,SAMD00153166,small_maic-SAMD00153166,DRR161188,DRR161251,nanopore,Matsumoto2019,Mycolicibacterium aichiense
myco-test,SAMD00153216,small_many-SAMD00153216,DRR161238,DRR161301,nanopore,Matsumoto2019,Mycolicibacterium anyangense
myco-test,SAMD00153213,small_mara-SAMD00153213,DRR161235,DRR161298,nanopore,Matsumoto2019,Mycolicibacterium arabiense
myco-test,SAMD00153195,small_maub-SAMD00153195,DRR161217,DRR161280,nanopore,Matsumoto2019,Mycolicibacterium aubagnense
myco-test,SAMD00153197,small_mboe-SAMD00153197,DRR161219,DRR161282,nanopore,Matsumoto2019,Mycolicibacterium boenickei
myco-test,SAMD00153181,small_mbra-SAMD00153181,DRR161203,DRR161266,nanopore,Matsumoto2019,Mycobacterium branderi
myco-test,SAMD00153191,small_mcons-SAMD00153191,DRR161213,DRR161276,nanopore,Matsumoto2019,Mycobacterium conspicuum
myco-test,SAMD00153178,small_mdor-SAMD00153178,DRR161200,DRR161263,nanopore,Matsumoto2019,Mycobacterium doricum
myco-test,SAMD00153169,small_mduv-SAMD00153169,DRR161191,DRR161254,nanopore,Matsumoto2019,Mycolicibacterium duvalii
myco-test,SAMD00153192,small_mflo-SAMD00153192,DRR161214,DRR161277,nanopore,Matsumoto2019,Mycobacterium florentinum
myco-test,SAMD00153182,small_mgad-SAMD00153182,DRR161204,DRR161267,nanopore,Matsumoto2019,Mycolicibacterium gadium
myco-test,SAMD00153170,small_mgal-SAMD00153170,DRR161192,DRR161255,nanopore,Matsumoto2019,Mycobacterium gallinarum
myco-test,SAMD00153218,small_mhel-SAMD00153218,DRR161240,DRR161303,nanopore,Matsumoto2019,Mycolicibacterium helvum
myco-test,SAMD00153224,small_mhip-SAMD00153224,DRR161246,DRR161309,nanopore,Matsumoto2019,Mycolicibacterium hippocampi
myco-test,SAMD00153187,small_mkub-SAMD00153187,DRR161209,DRR161272,nanopore,Matsumoto2019,Mycobacterium kubicae
myco-test,SAMD00153188,small_mmad-SAMD00153188,DRR161210,DRR161273,nanopore,Matsumoto2019,Mycolicibacterium madagascariense
myco-test,SAMD00153206,small_mmar-SAMD00153206,DRR161228,DRR161291,nanopore,Matsumoto2019,Mycobacterium marseillense
myco-test,SAMD00153199,small_mmon-SAMD00153199,DRR161221,DRR161284,nanopore,Matsumoto2019,Mycolicibacterium monacense
myco-test,SAMD00153185,small_mmur-SAMD00153185,DRR161207,DRR161270,nanopore,Matsumoto2019,Mycolicibacterium murale
myco-test,SAMD00153162,small_mparaf-SAMD00153162,DRR161184,DRR161247,nanopore,Matsumoto2019,Mycolicibacterium parafortuitum
myco-test,SAMD00153214,small_mparag-SAMD00153214,DRR161236,DRR161299,nanopore,Matsumoto2019,Mycobacterium paragordonae
myco-test,SAMD00153196,small_mpho-SAMD00153196,DRR161218,DRR161281,nanopore,Matsumoto2019,Mycolicibacterium phocaicum
myco-test,SAMD00153179,small_mpor-SAMD00153179,DRR161201,DRR161264,nanopore,Matsumoto2019,Mycolicibacterium poriferae
myco-test,SAMD00153200,small_msen-SAMD00153200,DRR161222,DRR161285,nanopore,Matsumoto2019,Mycolicibacter senuensis
myco-test,SAMD00153190,small_mshi-SAMD00153190,DRR161212,DRR161275,nanopore,Matsumoto2019,Mycobacterium shinjukuense
myco-test,SAMD00153175,small_msim-SAMD00153175,DRR161197,DRR161260,nanopore,Matsumoto2019,Mycobacterium simiae
myco-test,SAMD00153172,small_mter-SAMD00153172,DRR161194,DRR161257,nanopore,Matsumoto2019,Mycolicibacter terrae
myco-test,SAMD00153223,small_mtim-SAMD00153223,DRR161245,DRR161308,nanopore,Matsumoto2019,Mycobacterium timonense
sent-test,SAMN02800603,robertson-benchmark_sent-SAMN02800603,SRR1395326,SRR11317973,NA,Robertson2018,Salmonella enterica
sent-test,SAMN03988471,robertson-benchmark_sent-SAMN03988471,SRR2407791,SRR3710056,NA,Robertson2018,Salmonella enterica
sent-test,SAMN03996249,robertson-benchmark_sent-SAMN03996249,SRR2814420,SRR2814422,NA,Robertson2018,Salmonella enterica
sent-test,SAMN04285042,robertson-benchmark_sent-SAMN04285042,SRR2939562,SRR3710060,NA,Robertson2018,Salmonella enterica
sent-test,SAMN14450150,small2_sent-SAMN14450150,SRR11425889,SRR11425890,nanopore,Chen2020,Salmonella enterica
sent-test,SAMN14450151,small2_sent-SAMN14450151,SRR11425867,SRR11425878,nanopore,Chen2020,Salmonella enterica
sent-test,SAMN14450152,small2_sent-SAMN14450152,SRR11425845,SRR11425856,nanopore,Chen2020,Salmonella enterica
sent-test,SAMN14450153,small2_sent-SAMN14450153,SRR11425843,SRR11425844,nanopore,Chen2020,Salmonella enterica
sent-test,SAMN14450154,small2_sent-SAMN14450154,SRR11425841,SRR11425842,nanopore,Chen2020,Salmonella enterica
sent-test,SAMN14450155,small2_sent-SAMN14450155,SRR11425887,SRR11425888,nanopore,Chen2020,Salmonella enterica
sent-test,SAMN14450156,small2_sent-SAMN14450156,SRR11425885,SRR11425886,nanopore,Chen2020,Salmonella enterica
sent-test,SAMN14450157,small2_sent-SAMN14450157,SRR11425883,SRR11425884,nanopore,Chen2020,Salmonella enterica
sent-test,SAMN14450158,small2_sent-SAMN14450158,SRR11425881,SRR11425882,nanopore,Chen2020,Salmonella enterica
sent-test,SAMN14450159,small2_sent-SAMN14450159,SRR11425879,SRR11425880,nanopore,Chen2020,Salmonella enterica
sent-test,SAMN14450160,small2_sent-SAMN14450160,SRR11425876,SRR11425877,nanopore,Chen2020,Salmonella enterica
sent-test,SAMN14450161,small2_sent-SAMN14450161,SRR11425874,SRR11425875,nanopore,Chen2020,Salmonella enterica
sent-test,SAMN14450162,small2_sent-SAMN14450162,SRR11425872,SRR11425873,nanopore,Chen2020,Salmonella enterica
sent-test,SAMN14450163,small2_sent-SAMN14450163,SRR11425870,SRR11425871,nanopore,Chen2020,Salmonella enterica
sent-test,SAMN14450164,small2_sent-SAMN14450164,SRR11425868,SRR11425869,nanopore,Chen2020,Salmonella enterica
sent-test,SAMN14450165,small2_sent-SAMN14450165,SRR11425865,SRR11425866,nanopore,Chen2020,Salmonella enterica
sent-test,SAMN14450166,small2_sent-SAMN14450166,SRR11425863,SRR11425864,nanopore,Chen2020,Salmonella enterica
sent-test,SAMN14450167,small2_sent-SAMN14450167,SRR11425861,SRR11425862,nanopore,Chen2020,Salmonella enterica
sent-test,SAMN14450168,small2_sent-SAMN14450168,SRR11425859,SRR11425860,nanopore,Chen2020,Salmonella enterica
sent-test,SAMN14450169,small2_sent-SAMN14450169,SRR11425857,SRR11425858,nanopore,Chen2020,Salmonella enterica
sent-test,SAMN14450170,small2_sent-SAMN14450170,SRR11425854,SRR11425855,nanopore,Chen2020,Salmonella enterica
sent-test,SAMN14450171,small2_sent-SAMN14450171,SRR11425852,SRR11425853,nanopore,Chen2020,Salmonella enterica
sent-test,SAMN14450172,small2_sent-SAMN14450172,SRR11425850,SRR11425851,nanopore,Chen2020,Salmonella enterica
sent-test,SAMN14450173,small2_sent-SAMN14450173,SRR11425848,SRR11425849,nanopore,Chen2020,Salmonella enterica
sent-test,SAMN14450174,small2_sent-SAMN14450174,SRR11425846,SRR11425847,nanopore,Chen2020,Salmonella enterica
